,Designer
sparkman & stephens,0.019056693663649357
german frers,0.012148642210576465
robert perry,0.01179132920438304
judel/vrolijk,0.010719390185802763
e. g. van de stadt,0.010600285850404954
william shaw,0.00857551214864221
bruce farr,0.007622677465459742
gary mull,0.0072653644592663175
niels jeppesen,0.0072653644592663175
philippe briand,0.0070271557884707
rob humphreys,0.006908051453072892
groupe finot,0.006788947117675083
marc lombard,0.006550738446879466
ron holland,0.0064316341114816575
carl alberg,0.005955216769890424
doug peterson,0.005717008099094807
philip rhodes,0.005717008099094807
j&j design,0.005717008099094807
bill dixon,0.005717008099094807
william tripp jr,0.005240590757503573
ted hood,0.005121486422105765
pelle petterson,0.0050023820867079564
bruce king,0.004883277751310148
charles morgan,0.004764173415912339
ted irwin,0.004645069080514531
laurent giles,0.004645069080514531
david thomas,0.004287756074321105
c. william lapworth,0.0041686517389232965
jim taylor,0.004049547403525489
hunter design team,0.004049547403525489
peter norlin,0.004049547403525489
gerry douglas,0.004049547403525489
umberto felci,0.00393044306812768
ted brewer,0.00393044306812768
william crealock,0.00393044306812768
william garden,0.003692234397332063
frans maas,0.003692234397332063
van de stadt,0.0035731300619342545
germán frers,0.0035731300619342545
angus primrose,0.003454025726536446
olle enderlein,0.003454025726536446
glenn henderson,0.003454025726536446
ed dubois,0.003454025726536446
humphreys yacht design,0.0033349213911386373
holman & pye,0.0033349213911386373
andrzej skrzat,0.0033349213911386373
tony castro,0.0033349213911386373
berret-racoupeau,0.0033349213911386373
bob johnson,0.0032158170557408288
daniel andrieu,0.0032158170557408288
roger macgregor,0.0030967127203430206
dick zaal,0.0030967127203430206
stephen jones,0.002977608384945212
berret/racoupeau,0.002977608384945212
bruce kirby,0.002977608384945212
håkan södergren,0.0028585040495474035
farr yacht design,0.002739399714149595
tim jackett,0.002739399714149595
group finot,0.0026202953787517864
joubert-nivelt,0.0026202953787517864
jean berret,0.0025011910433539782
alan buchanan,0.0025011910433539782
stan huntingford,0.0025011910433539782
leif ängermark,0.0023820867079561697
morrelli & melvin,0.0023820867079561697
andré bénéteau,0.0023820867079561697
julian everitt,0.0023820867079561697
arthur edmunds,0.0023820867079561697
jacek daszkiewicz,0.0023820867079561697
finot,0.002262982372558361
dick carter,0.002262982372558361
carl schumacher,0.002262982372558361
vplp design,0.002262982372558361
j & j design,0.002262982372558361
ian farrier,0.0021438780371605525
halsey herreshoff,0.0021438780371605525
robert tucker,0.0021438780371605525
shad turner,0.0021438780371605525
thomas gillmer,0.0020247737017627444
chuck paine,0.0020247737017627444
axel mohnhaupt,0.0020247737017627444
ian proctor,0.0020247737017627444
peter milne,0.0020247737017627444
p. briand,0.0020247737017627444
lyle hess,0.0019056693663649356
david pedrick,0.0019056693663649356
william lapworth,0.0019056693663649356
cuthbertson & cassian,0.0019056693663649356
rolf magnusson,0.0019056693663649356
maurice griffiths,0.0017865650309671272
uffa fox,0.0017865650309671272
jacques fauroux,0.0017865650309671272
alan payne,0.0017865650309671272
michel dufour,0.0016674606955693187
a. e. luders,0.0016674606955693187
carl andersson,0.0016674606955693187
frank butler,0.0016674606955693187
carl beyer,0.0016674606955693187
wyatt and freeman,0.0016674606955693187
graham & schlageter,0.0015483563601715103
tord sundén,0.0015483563601715103
hans groop,0.0015483563601715103
judel/vrolijk & co,0.0015483563601715103
javier soto acebal,0.0015483563601715103
einar ohlson,0.0015483563601715103
simonis voogd,0.0015483563601715103
phillipe briand,0.0015483563601715103
lock crowther,0.0015483563601715103
mortain & mavrikios,0.0015483563601715103
finot-conq,0.0015483563601715103
g. william mcvay,0.0015483563601715103
francois sergent,0.0015483563601715103
nelson/marek,0.0015483563601715103
johann tanzer,0.0014292520247737017
joubert/nivelt,0.0014292520247737017
dieter empacher,0.0014292520247737017
peter brett,0.0014292520247737017
elvstrøm & kjærulff,0.0014292520247737017
heribert streuer,0.0014292520247737017
george hinterhoeller,0.0014292520247737017
michel joubert,0.0014292520247737017
nick hake,0.0014292520247737017
jack holt,0.0014292520247737017
c&c design group,0.0014292520247737017
jac. de ridder,0.0014292520247737017
niels peter faurby,0.0014292520247737017
w. shad turner,0.0014292520247737017
eivind still,0.0014292520247737017
joubert & nivelt,0.0013101476893758932
knud olsen,0.0013101476893758932
reichel/pugh,0.0013101476893758932
per brohäll,0.0013101476893758932
c&c design,0.0013101476893758932
hunter design,0.0013101476893758932
prout,0.0013101476893758932
berret racoupeau,0.0013101476893758932
stefan qviberg,0.0013101476893758932
philippe harlé,0.0013101476893758932
christian maury,0.0013101476893758932
e.g. van de stadt,0.0013101476893758932
ron holder,0.0013101476893758932
d. koopmans sr,0.0013101476893758932
finot / conq assoc,0.0013101476893758932
raymond wall,0.0011910433539780848
jacques valer,0.0011910433539780848
ted gozzard,0.0011910433539780848
jean-jacques herbulot,0.0011910433539780848
dick koopmans sr,0.0011910433539780848
bob evelyn,0.0011910433539780848
w.i.b. crealock,0.0011910433539780848
tony smith,0.0011910433539780848
john brandlmayr,0.0011910433539780848
alan andrews,0.0011910433539780848
pierre rolland,0.0011910433539780848
sparkman and stephens,0.0011910433539780848
dykstra naval architects,0.0011910433539780848
jean-marie finot,0.0011910433539780848
phil morrison,0.0011910433539780848
gary hoyt,0.0011910433539780848
harle & mortain,0.0010719390185802763
jerzy piesniewski,0.0010719390185802763
dudley dix,0.0010719390185802763
roger hewson/sabre,0.0010719390185802763
mccurdy & rhodes,0.0010719390185802763
bernt lindquist,0.0010719390185802763
maurice edel,0.0010719390185802763
harry r. sindle,0.0010719390185802763
ian anderson,0.0010719390185802763
anton miglitsch,0.0010719390185802763
wojciech spisak,0.0010719390185802763
chuck burns,0.0010719390185802763
guy ribadeau dumas,0.0010719390185802763
berret racoupeau yacht design,0.0010719390185802763
mark soverel,0.0010719390185802763
matteo polli,0.0010719390185802763
raymond richards,0.0010719390185802763
britton chance,0.0010719390185802763
bob seidelmann,0.0010719390185802763
sergio lupoli,0.0010719390185802763
oliver lee,0.0010719390185802763
karl-johan stråhlmann,0.0010719390185802763
john alden,0.0010719390185802763
robert k. johnson,0.0010719390185802763
briand,0.0009528346831824678
georg nissen,0.0009528346831824678
cortland steck,0.0009528346831824678
jo richards,0.0009528346831824678
david sadler,0.0009528346831824678
helmut stöberl,0.0009528346831824678
steve killing,0.0009528346831824678
robert finch,0.0009528346831824678
christophe barreau,0.0009528346831824678
murray burns dovell,0.0009528346831824678
thames structural plastics/thames marine,0.0009528346831824678
walter scott,0.0009528346831824678
van peteghem/lauriot-prevost,0.0009528346831824678
michael mccreary,0.0009528346831824678
andre beneteau,0.0009528346831824678
david feltham,0.0009528346831824678
martin bludworth,0.0009528346831824678
simonis-voogd,0.0009528346831824678
c&c,0.0009528346831824678
ettore santarelli,0.0009528346831824678
mark ellis,0.0009528346831824678
alan wright,0.0009528346831824678
thorwald karlsson,0.0009528346831824678
herreshoff,0.0009528346831824678
alden,0.0008337303477846593
felci yacht design,0.0008337303477846593
bernt andersson,0.0008337303477846593
camper & nicholson/raymond wall,0.0008337303477846593
roger dongray,0.0008337303477846593
harry becker,0.0008337303477846593
alain jezequel,0.0008337303477846593
paul handley,0.0008337303477846593
kaj gustafsson,0.0008337303477846593
andrew wolstenholme,0.0008337303477846593
ron amy,0.0008337303477846593
camper & nicholson,0.0008337303477846593
harwood ives,0.0008337303477846593
mark ellis design,0.0008337303477846593
lars olof norlin,0.0008337303477846593
cees van tongeren,0.0008337303477846593
john cherubini,0.0008337303477846593
don martin,0.0008337303477846593
cossutti yacht design,0.0008337303477846593
seymour paul,0.0008337303477846593
william tripp iii,0.0008337303477846593
william cook,0.0008337303477846593
ted carpentier,0.0008337303477846593
greg elliott,0.0008337303477846593
gert gerlach,0.0008337303477846593
häkan södergren,0.0008337303477846593
clark mills,0.0008337303477846593
various,0.0008337303477846593
herb david,0.0008337303477846593
ray richards,0.0008337303477846593
joubert - nivelt,0.0008337303477846593
bill lee,0.0008337303477846593
gilbert caroff,0.0008337303477846593
berret,0.0008337303477846593
phillippe briand,0.0008337303477846593
jacques de ridder,0.0007146260123868509
peter legnos,0.0007146260123868509
leonardo da costa sayago,0.0007146260123868509
robert h. baker,0.0007146260123868509
don clark,0.0007146260123868509
john g. alden,0.0007146260123868509
alex mcgruer,0.0007146260123868509
morelli & melvin,0.0007146260123868509
mats gustafsson,0.0007146260123868509
paul lindenberg,0.0007146260123868509
john butler,0.0007146260123868509
jack laurent giles,0.0007146260123868509
murray ross,0.0007146260123868509
donald pye,0.0007146260123868509
bruce kelley,0.0007146260123868509
nathanael g. herreshoff,0.0007146260123868509
robert harris,0.0007146260123868509
john g. alden inc,0.0007146260123868509
angelo lavranos,0.0007146260123868509
yachtzentrum greifswald,0.0007146260123868509
kaufmann & ladd,0.0007146260123868509
bill wellington,0.0007146260123868509
f. s. ford,0.0007146260123868509
jim voysey,0.0007146260123868509
mills design,0.0007146260123868509
richard wrighton,0.0007146260123868509
joe adams,0.0007146260123868509
r. c. lazzarra,0.0007146260123868509
jacek centkowski,0.0007146260123868509
william tripp,0.0007146260123868509
jeppesen,0.0007146260123868509
brian bennett,0.0007146260123868509
william atkin,0.0007146260123868509
frank butler/gerry douglas,0.0007146260123868509
yves loday,0.0007146260123868509
johan valentijn,0.0007146260123868509
tim kernan,0.0007146260123868509
samuel manuard,0.0007146260123868509
hoek design,0.0007146260123868509
palle mortensen,0.0007146260123868509
howard hughes,0.0007146260123868509
j. h. mcglasson,0.0005955216769890424
arne borghegn,0.0005955216769890424
yves mareschal,0.0005955216769890424
sam manuard,0.0005955216769890424
dick koopmans jr,0.0005955216769890424
john westell,0.0005955216769890424
johannes helsen,0.0005955216769890424
olsöners båtbyggen,0.0005955216769890424
chuck paine & associates,0.0005955216769890424
manfred schöchl,0.0005955216769890424
gilles vaton,0.0005955216769890424
kim swarbrick,0.0005955216769890424
tomasz siwik,0.0005955216769890424
bruce farr & armel briand,0.0005955216769890424
henry mohrschladt,0.0005955216769890424
c. w. paine,0.0005955216769890424
ernest tucker,0.0005955216769890424
sabre design team,0.0005955216769890424
walter shultz,0.0005955216769890424
hein driehuyzen,0.0005955216769890424
andrew stewart,0.0005955216769890424
peter roos,0.0005955216769890424
alliaura marine,0.0005955216769890424
van de stadt design,0.0005955216769890424
peter ibold,0.0005955216769890424
ian l. anderson,0.0005955216769890424
luca brenta,0.0005955216769890424
niels helleberg,0.0005955216769890424
hobie cat,0.0005955216769890424
julian bethwaite,0.0005955216769890424
bent juul andersen,0.0005955216769890424
tom norton,0.0005955216769890424
arthur robb,0.0005955216769890424
jan kjaerulff,0.0005955216769890424
guy-christer lönngren,0.0005955216769890424
stuart windley,0.0005955216769890424
l. francis herreshoff,0.0005955216769890424
hans åge larsen,0.0005955216769890424
kevin dibley,0.0005955216769890424
andrej justin,0.0005955216769890424
briand yacht design,0.0005955216769890424
leszek gonciarz,0.0005955216769890424
olef jorgensen/bent juul andersen,0.0005955216769890424
hank hinckley,0.0005955216769890424
frank v. butler,0.0005955216769890424
yamaha design team,0.0005955216769890424
richard carlson,0.0005955216769890424
john watkinson,0.0005955216769890424
peter dean,0.0005955216769890424
per brohall,0.0005955216769890424
hakan sodergren,0.0005955216769890424
william h. tripp jr,0.0005955216769890424
alfred westmacott,0.0005955216769890424
robert clark,0.0005955216769890424
scott jutson,0.0005955216769890424
dick newick,0.0005955216769890424
scott sprague,0.0005955216769890424
jens quorning and steen olsen,0.0005955216769890424
nathaniel herreshoff,0.0005955216769890424
escape sailboat co,0.0005955216769890424
buchwald & borghegn,0.0005955216769890424
ted brewer/robert walstrom,0.0005955216769890424
george cuthbertson,0.0005955216769890424
phil southwell,0.0005955216769890424
umberto felci / patrick roséo,0.0005955216769890424
marion excoffon,0.0005955216769890424
peter cole,0.0005955216769890424
doug peterson (unauthorized),0.0005955216769890424
oluf jørgensen,0.0005955216769890424
thomas bern,0.0005955216769890424
philippe briand/andrew winch,0.0005955216769890424
kim holman,0.0005955216769890424
laurie davidson,0.0005955216769890424
hobie alter,0.0005955216769890424
walter f. rayner,0.0004764173415912339
robert h. perry,0.0004764173415912339
juan kouyoumdjian,0.0004764173415912339
al mason,0.0004764173415912339
axel de la hidalga,0.0004764173415912339
olle enderlain,0.0004764173415912339
jean berret/ philippe starck,0.0004764173415912339
o. flahault design /joubert - nivelt,0.0004764173415912339
rod macalpine-downie,0.0004764173415912339
ron holland/gary hoyt,0.0004764173415912339
bob perry,0.0004764173415912339
dixon yacht design,0.0004764173415912339
craig walters,0.0004764173415912339
peter norlin / jens östmann,0.0004764173415912339
charles d. mower,0.0004764173415912339
george o'brien kennedy,0.0004764173415912339
charles mcgregor,0.0004764173415912339
robert b. harris,0.0004764173415912339
bill soverel,0.0004764173415912339
jack köper,0.0004764173415912339
h. hinckley,0.0004764173415912339
hank kaufman,0.0004764173415912339
gilles vaton/patrick roseo,0.0004764173415912339
hoyt,0.0004764173415912339
john l. watkinson,0.0004764173415912339
g. luyten,0.0004764173415912339
matti pulli,0.0004764173415912339
ian howlett,0.0004764173415912339
paul a. lindh,0.0004764173415912339
peter canning,0.0004764173415912339
gunnar cardell,0.0004764173415912339
hobie alter & phil edwards,0.0004764173415912339
g. l. watson & co. ltd,0.0004764173415912339
xavier faÿ,0.0004764173415912339
gerhard gilgenast,0.0004764173415912339
francis sweisguth,0.0004764173415912339
alan hill,0.0004764173415912339
gary grant,0.0004764173415912339
edward dubois,0.0004764173415912339
andre mauric,0.0004764173415912339
fontana/maletto/navone,0.0004764173415912339
arvid laurin,0.0004764173415912339
henry scheel,0.0004764173415912339
l. wakefield,0.0004764173415912339
steve edmunds/bill roberts,0.0004764173415912339
stephen seaton,0.0004764173415912339
martin horak,0.0004764173415912339
robert humphreys,0.0004764173415912339
xavier faÿ; olivier poncin,0.0004764173415912339
horst e. glacer,0.0004764173415912339
michel bigoin/daniel duvergie,0.0004764173415912339
rob legg,0.0004764173415912339
harry sindle,0.0004764173415912339
edward s. brewer,0.0004764173415912339
rodger martin,0.0004764173415912339
jim young,0.0004764173415912339
jeanneau,0.0004764173415912339
olle enderlein / christoph rassy,0.0004764173415912339
g. william mcvay/bayliner,0.0004764173415912339
carter pyle/joe quigg,0.0004764173415912339
yamaha design group,0.0004764173415912339
amel,0.0004764173415912339
c. r. holman,0.0004764173415912339
amel/berret-racoupeau,0.0004764173415912339
holman and pye,0.0004764173415912339
ben seaborn,0.0004764173415912339
berret racoupeau/nauta design,0.0004764173415912339
thomas wylie,0.0004764173415912339
s&s,0.0004764173415912339
doug peterson/j&j design,0.0004764173415912339
marco lostuzzi,0.0004764173415912339
jerry montgomery,0.0004764173415912339
a.e. luders,0.0004764173415912339
holger b. jensen,0.0004764173415912339
jean jacques herbulot,0.0004764173415912339
alan warwick,0.0004764173415912339
george stadel jr,0.0004764173415912339
frank pryor,0.0004764173415912339
h. streuer,0.0004764173415912339
steven schock,0.0004764173415912339
c. raymond hunt,0.0004764173415912339
jim antrim,0.0004764173415912339
j. r. macalpine-downie,0.0004764173415912339
luca brenta yacht design,0.0004764173415912339
rodney march,0.0004764173415912339
david walters,0.0004764173415912339
gene vernon,0.0004764173415912339
marc lombard yacht design,0.0004764173415912339
christoph rassy / olle enderlein,0.0004764173415912339
dick koopmans,0.0004764173415912339
marc lombard/franck darnet design,0.0004764173415912339
alan gurney,0.0004764173415912339
charles wittholz,0.0004764173415912339
chris mitchell,0.0004764173415912339
bruce bingham,0.0004764173415912339
william tritt,0.0004764173415912339
des townson,0.0004764173415912339
hubert vandestadt,0.0004764173415912339
robert b harris,0.0004764173415912339
rod macalpine-downie/dick gibbs,0.00035731300619342544
berret-racoupeau design,0.00035731300619342544
carl andersson & john h. lindblom,0.00035731300619342544
christian stimson,0.00035731300619342544
peter schmitt,0.00035731300619342544
rod macalpine-downey / dick gibbs,0.00035731300619342544
andré koschel,0.00035731300619342544
c.w. paine,0.00035731300619342544
i. neilson,0.00035731300619342544
rob mazza,0.00035731300619342544
e. g. van de stadt/cees van tongeren,0.00035731300619342544
amf alcort,0.00035731300619342544
olin stephens,0.00035731300619342544
lazzara,0.00035731300619342544
umberto felci/patrick roséo,0.00035731300619342544
nick shein,0.00035731300619342544
alan pape,0.00035731300619342544
s. langevin,0.00035731300619342544
david alan-williams,0.00035731300619342544
maclear & harris,0.00035731300619342544
bruno boström,0.00035731300619342544
cox & stevens,0.00035731300619342544
hugh angleman,0.00035731300619342544
p. harle,0.00035731300619342544
roy seaman,0.00035731300619342544
dick lefeber,0.00035731300619342544
eldredge-mcinnis,0.00035731300619342544
mccurdy and rhodes,0.00035731300619342544
børge quorning,0.00035731300619342544
steven schock/shad turner,0.00035731300619342544
breckenridge marshall,0.00035731300619342544
bill luders,0.00035731300619342544
k.t. kremer,0.00035731300619342544
capital yachts inc,0.00035731300619342544
gilles ollier,0.00035731300619342544
yves-marie tanton,0.00035731300619342544
reuben trane,0.00035731300619342544
carter/northshore,0.00035731300619342544
"farr yacht design, ltd",0.00035731300619342544
joe fennell,0.00035731300619342544
c.s.j.roy,0.00035731300619342544
jean-françois delvoye,0.00035731300619342544
charles mower,0.00035731300619342544
jean berret/phillippe starck,0.00035731300619342544
claudio maletto,0.00035731300619342544
van peteghem & lauriot prévost,0.00035731300619342544
chris butler,0.00035731300619342544
richard c. lazzara,0.00035731300619342544
mick price,0.00035731300619342544
peter beeldsnijder,0.00035731300619342544
lee creekmore,0.00035731300619342544
diller & schwill,0.00035731300619342544
wendell h. calkins,0.00035731300619342544
mortain-mavrikios,0.00035731300619342544
capital yachts,0.00035731300619342544
carter pyle,0.00035731300619342544
van peteghem/lauriot prévost,0.00035731300619342544
leif beiley,0.00035731300619342544
nelson marek,0.00035731300619342544
alfred mylne,0.00035731300619342544
peter snell,0.00035731300619342544
alan payne/bayliner,0.00035731300619342544
paul whiting,0.00035731300619342544
hoyt/herreshoff,0.00035731300619342544
uffa fox/o'day,0.00035731300619342544
marc-oliver von ahlen,0.00035731300619342544
eva hollman,0.00035731300619342544
bob ames,0.00035731300619342544
j. brooke,0.00035731300619342544
robert g. henry jr,0.00035731300619342544
howard lippincott jr,0.00035731300619342544
"william tripp, iii",0.00035731300619342544
vallicelli,0.00035731300619342544
david cheverton,0.00035731300619342544
humphreys yachts design,0.00035731300619342544
dick vermuelen,0.00035731300619342544
h. mccune,0.00035731300619342544
malcolm tennant,0.00035731300619342544
john p. fillip,0.00035731300619342544
johan valentijen,0.00035731300619342544
ray greene,0.00035731300619342544
kenneth albinsson,0.00035731300619342544
koos de ridder,0.00035731300619342544
e. farnham butler,0.00035731300619342544
gunter heuchmer & don lees,0.00035731300619342544
tord sunden/cheoy lee,0.00035731300619342544
vincent lebailly,0.00035731300619342544
sigurd herburn/columbia yachts,0.00035731300619342544
e. bjørn jensen,0.00035731300619342544
neil fowler,0.00035731300619342544
paul coble,0.00035731300619342544
jean-jacques hurbulot,0.00035731300619342544
bill abbott sr,0.00035731300619342544
yves loday /rob white,0.00035731300619342544
knud reimers,0.00035731300619342544
robert dufour/marius corbin,0.00035731300619342544
harlé,0.00035731300619342544
j. r. macalpine-downie / dick gibbs,0.00035731300619342544
george olson,0.00035731300619342544
greg goodall,0.00035731300619342544
william h. shaw,0.00035731300619342544
steve thompson,0.00035731300619342544
umberto felci & patrick roséo,0.00035731300619342544
ernst lehfeld,0.00035731300619342544
allan j. arnold,0.00035731300619342544
joubert/nivelt/mercier,0.00035731300619342544
van petheghem/lauriot-prévost,0.00035731300619342544
peter hatfield,0.00035731300619342544
j. mcglasson,0.00035731300619342544
maurizio cossutti,0.00035731300619342544
roger martin,0.00035731300619342544
john mullins,0.00035731300619342544
scott kaufman,0.00035731300619342544
sidney herreshoff,0.00035731300619342544
warren luhrs,0.00035731300619342544
biscontini yacht design,0.00035731300619342544
c. a. martzoucos,0.00035731300619342544
kristian rode,0.00035731300619342544
john kaiser sr,0.00035731300619342544
arthur howard,0.00035731300619342544
herb stewart,0.00035731300619342544
ian howlett/rob white,0.00035731300619342544
w. jenneskens,0.00035731300619342544
hunter design group,0.00035731300619342544
gebr de kloet,0.00035731300619342544
csj roy,0.00035731300619342544
wirth munroe,0.00035731300619342544
artù chiggiato,0.00035731300619342544
robert a. smith,0.00035731300619342544
h.herreshoff,0.00035731300619342544
geoffrey prindle,0.00035731300619342544
philippe harle,0.00035731300619342544
janusz konkol/henryk brylski,0.00035731300619342544
clive m. dent,0.00035731300619342544
o. h. rodgers,0.00035731300619342544
bob poole,0.00035731300619342544
bureau d’études catana,0.00035731300619342544
ceccarelli yacht design,0.00035731300619342544
j.h.mcglasson,0.00035731300619342544
william h. short,0.00035731300619342544
arthur s. henry,0.00035731300619342544
joseph v. puccia,0.00035731300619342544
menger,0.00035731300619342544
n. herreshoff,0.00035731300619342544
ron swanson,0.00035731300619342544
j. de ridder,0.00035731300619342544
paul kettenburg,0.00035731300619342544
lyle c. hess,0.00035731300619342544
jacques gaubert/andré mauric,0.00035731300619342544
chris white,0.00035731300619342544
morrelli and melvin,0.00035731300619342544
john o. johnson,0.00035731300619342544
henry amel & j. carteau,0.00035731300619342544
w. starling burgess,0.00035731300619342544
groupe finot/jean beret,0.00035731300619342544
hubert weber,0.00035731300619342544
peter a. ibold,0.00035731300619342544
rhodes,0.00035731300619342544
philippe briand / jeanneau design,0.00035731300619342544
edwin monk,0.00035731300619342544
finot / conq,0.00035731300619342544
illingworth & primrose,0.00035731300619342544
finot-conq/nauta design,0.00035731300619342544
georg nissen/schöchl,0.00035731300619342544
hobie europe,0.00035731300619342544
john barnett,0.00035731300619342544
andrew c. vavolotis,0.00035731300619342544
c. oberly,0.00035731300619342544
dick carter/johann tanzer,0.00023820867079561695
uffa fox/greg gregory,0.00023820867079561695
john sharp,0.00023820867079561695
andrieu yacht design,0.00023820867079561695
william crosby,0.00023820867079561695
john g alden inc,0.00023820867079561695
arthur edmunds/leon slikkers,0.00023820867079561695
p. jouët & cie,0.00023820867079561695
barreau / neuman,0.00023820867079561695
van der rest,0.00023820867079561695
ralph tobias,0.00023820867079561695
bill tripp iii,0.00023820867079561695
ian farrier/corsair design team,0.00023820867079561695
paul yates,0.00023820867079561695
u. van essen,0.00023820867079561695
w. herbert boyd,0.00023820867079561695
glen henderson,0.00023820867079561695
volker and gerda lamprecht,0.00023820867079561695
laurent giles & partners,0.00023820867079561695
i. anderson & chris baker,0.00023820867079561695
andré cornu,0.00023820867079561695
t. wylie,0.00023820867079561695
ian murray & associates,0.00023820867079561695
robert stone,0.00023820867079561695
john wake,0.00023820867079561695
knut jacobsson,0.00023820867079561695
bob neck & clark scarboro,0.00023820867079561695
xavier faÿ; lasta design studios (interior),0.00023820867079561695
william gardner,0.00023820867079561695
dean hennevanger,0.00023820867079561695
don wennersten/graham & schlageter,0.00023820867079561695
gary lundy,0.00023820867079561695
jean beret/j. fauroux/group finot,0.00023820867079561695
roger moorman,0.00023820867079561695
l. f. herreshoff/ron johnson,0.00023820867079561695
george h. stadel iii,0.00023820867079561695
ted clements,0.00023820867079561695
michel bigoin/jacques duvergie,0.00023820867079561695
eskil haldin,0.00023820867079561695
dynayacht,0.00023820867079561695
sergent/amel,0.00023820867079561695
willis reid/schock,0.00023820867079561695
lasta design studio,0.00023820867079561695
morgan-giles,0.00023820867079561695
daniel tortarolo,0.00023820867079561695
groupe finot/jacques fauroux,0.00023820867079561695
j.m. l'hermenier,0.00023820867079561695
bruno boström/grandinsson,0.00023820867079561695
william tripp jr./ b.  seeley,0.00023820867079561695
chris hammond,0.00023820867079561695
peter barrett,0.00023820867079561695
colin thorne,0.00023820867079561695
philippe briand /hugon couëdel,0.00023820867079561695
bruce roberts/rudy waalkens,0.00023820867079561695
sylvestre langevin,0.00023820867079561695
gerry douglass,0.00023820867079561695
g.k. collyer,0.00023820867079561695
columbia yachts,0.00023820867079561695
jack groeneveld,0.00023820867079561695
e g van de stadt,0.00023820867079561695
vlad murnikov,0.00023820867079561695
pierre marique/alois roland,0.00023820867079561695
ängermark/qviberg,0.00023820867079561695
john r. van ost,0.00023820867079561695
j&j / salona design,0.00023820867079561695
klaus fahrenkroog,0.00023820867079561695
j. b. brooke,0.00023820867079561695
brewer/walstrom,0.00023820867079561695
macgregor,0.00023820867079561695
bob mayo,0.00023820867079561695
fauroux & garroni,0.00023820867079561695
john c. harris,0.00023820867079561695
l. francis herreshoff/bill harding,0.00023820867079561695
james wharram/hanneke boon,0.00023820867079561695
johnson/melges boat works,0.00023820867079561695
tom manders,0.00023820867079561695
lazarra,0.00023820867079561695
william crealock/w. atkin,0.00023820867079561695
kurt reinke,0.00023820867079561695
glenn & murray corcoran,0.00023820867079561695
christoph rassy/olle enderlein,0.00023820867079561695
c. mills/com-pac,0.00023820867079561695
edmunds,0.00023820867079561695
van essen/gulcher,0.00023820867079561695
andré mauric,0.00023820867079561695
hein driehuyzen/don clark,0.00023820867079561695
w. tripp/watkins yachts,0.00023820867079561695
raymond hunt & assoc,0.00023820867079561695
joubert-nivelt/flahault,0.00023820867079561695
"john g. alden & assoc,",0.00023820867079561695
van de stadt/finot,0.00023820867079561695
leen hoogmoed,0.00023820867079561695
pat patterson,0.00023820867079561695
george olsen,0.00023820867079561695
a. m. deering,0.00023820867079561695
g. drummond-bayne,0.00023820867079561695
m. lombard,0.00023820867079561695
jacques faroux,0.00023820867079561695
john beetle,0.00023820867079561695
denys a. rayner,0.00023820867079561695
john spencer,0.00023820867079561695
frank douglas/gerry douglas,0.00023820867079561695
h. amel  & j. carteau,0.00023820867079561695
peter norlin and jens ostmann,0.00023820867079561695
w. tripp/dolf lecomte,0.00023820867079561695
peter bosgraaf,0.00023820867079561695
m. joubert/b. nivelt,0.00023820867079561695
walter scott & t. r. allmand,0.00023820867079561695
sovereign design group,0.00023820867079561695
julien marin,0.00023820867079561695
german frers sr,0.00023820867079561695
ted brewer/jack corey,0.00023820867079561695
jean-louis noir,0.00023820867079561695
pierre deschamps,0.00023820867079561695
stanley butler/edwin mairs,0.00023820867079561695
j & j designs/olivier poncin,0.00023820867079561695
william e. cook,0.00023820867079561695
rod johnstone,0.00023820867079561695
ackerman,0.00023820867079561695
elvstrom & kjaerulff,0.00023820867079561695
g. diller & h. schwill,0.00023820867079561695
bill higgins/don ansley,0.00023820867079561695
eric maizey,0.00023820867079561695
riccardo baffigo,0.00023820867079561695
charles ludwig,0.00023820867079561695
nacra design group,0.00023820867079561695
pierre gutelle,0.00023820867079561695
fred bingham/bruce bingham,0.00023820867079561695
d. peterson (unauthorized)/bayliner,0.00023820867079561695
arthur edmunds/sovereign,0.00023820867079561695
berret-raccoupeau yacht design,0.00023820867079561695
barney lehman,0.00023820867079561695
günther thomat,0.00023820867079561695
adrian keough/scott jutson,0.00023820867079561695
philippe staempfli,0.00023820867079561695
hans geissler,0.00023820867079561695
claude a. smith,0.00023820867079561695
leif angermark,0.00023820867079561695
willem de vries-lentsch,0.00023820867079561695
michael schallmann,0.00023820867079561695
marc lombard/diedre design,0.00023820867079561695
lindblom,0.00023820867079561695
harry hallberg,0.00023820867079561695
camper & nicholson/ray wall,0.00023820867079561695
bo olsson,0.00023820867079561695
arthur edmunds/sparkman & stephens,0.00023820867079561695
jan kjærulff,0.00023820867079561695
ray wall/camper & nicholson,0.00023820867079561695
paul kettenberg,0.00023820867079561695
harold s. glander,0.00023820867079561695
noel honey/alex trethewey/steve marten,0.00023820867079561695
ron given,0.00023820867079561695
joe nash,0.00023820867079561695
d. tortarolo,0.00023820867079561695
jacques (koos) de ridder,0.00023820867079561695
w. j. roué,0.00023820867079561695
jim monroe,0.00023820867079561695
herbert baggs/w. scott hayward,0.00023820867079561695
simonis & voogd,0.00023820867079561695
aldo renai,0.00023820867079561695
g. taylor newell,0.00023820867079561695
paul elvstrom/jan kjaerulff,0.00023820867079561695
winthrop warner,0.00023820867079561695
gary hoyt/jay paris,0.00023820867079561695
chuck paine/ed joy,0.00023820867079561695
laurent cordelle,0.00023820867079561695
george hazen,0.00023820867079561695
bjarne marcussen,0.00023820867079561695
george w. kettenburg jr,0.00023820867079561695
cesare sangermani,0.00023820867079561695
john g. alden & co,0.00023820867079561695
david & jerry hubbard,0.00023820867079561695
lief beiley,0.00023820867079561695
richard ward,0.00023820867079561695
w. h. scott,0.00023820867079561695
loren hart/admiralty design,0.00023820867079561695
berret-racoupeau yacht design,0.00023820867079561695
george kettenburg jr,0.00023820867079561695
peter barrett / stan miller,0.00023820867079561695
alan scott,0.00023820867079561695
gulfstar/v. lazzara,0.00023820867079561695
claude allen smith,0.00023820867079561695
farr yacht design ltd,0.00023820867079561695
pablo a cibert,0.00023820867079561695
wegu,0.00023820867079561695
a. mauric - j. gaubert,0.00023820867079561695
jean beret /olivier racoupeau,0.00023820867079561695
risto kristeri / seppo mäkelä,0.00023820867079561695
roberto rovere,0.00023820867079561695
pert m. lowell,0.00023820867079561695
iain murray,0.00023820867079561695
w.i.b. crealock/dennis garrett,0.00023820867079561695
jacques gaubert,0.00023820867079561695
fred c.brewer / alden & associates,0.00023820867079561695
philip l. rhodes,0.00023820867079561695
christian bolinger,0.00023820867079561695
j&j design /ker,0.00023820867079561695
børresen brothers,0.00023820867079561695
jan linge,0.00023820867079561695
claude puvieux,0.00023820867079561695
hans blomstergren,0.00023820867079561695
w.h. rowland,0.00023820867079561695
ted strain,0.00023820867079561695
c. raymond hunt  & assoc,0.00023820867079561695
michele ansaloni,0.00023820867079561695
terry compton,0.00023820867079561695
robert van dam,0.00023820867079561695
steve dalzell,0.00023820867079561695
andre hoek,0.00023820867079561695
k. kremer,0.00023820867079561695
pelle pettersson,0.00023820867079561695
herbert mcwilliams,0.00023820867079561695
andrew mcdougall,0.00023820867079561695
guy thompson,0.00023820867079561695
thomas d. scott,0.00023820867079561695
h. amel,0.00023820867079561695
a. e  luders,0.00023820867079561695
joseph d'alessio,0.00023820867079561695
csk/rudy choy,0.00023820867079561695
william f. crosby,0.00023820867079561695
gary mull / shad turner,0.00023820867079561695
jack riggleman,0.00023820867079561695
f. bethwaite/i. bruce,0.00023820867079561695
helmut hatecke,0.00023820867079561695
alden associates / carl alberg,0.00023820867079561695
warren seaman,0.00023820867079561695
peter van dine,0.00023820867079561695
tony allen,0.00023820867079561695
wirth monroe /richard valdez,0.00023820867079561695
r.a.g. nierop,0.00023820867079561695
charles mower/thomas f. day/l.d. huntington,0.00023820867079561695
r. march/t. pearce/r. white,0.00023820867079561695
gösta & gunnar edwardsson,0.00023820867079561695
svend aage christensen,0.00023820867079561695
collin,0.00023820867079561695
morgan,0.00023820867079561695
burgess & packard,0.00023820867079561695
rob humphreys & oyster design,0.00023820867079561695
charles whittolz,0.00023820867079561695
botin partners,0.00023820867079561695
kurt w. schroter,0.00023820867079561695
cole beadon,0.00023820867079561695
alan f. hill,0.00023820867079561695
t. wheeler,0.00023820867079561695
nicholas potter,0.00023820867079561695
r.hewson/sabre,0.00023820867079561695
bruce farr/pininfarina,0.00023820867079561695
taprell dorling,0.00023820867079561695
borge quorning/jens quorning,0.00023820867079561695
e. g van de stadt,0.00023820867079561695
christoph rassy and olle enderlein,0.00023820867079561695
harlé-mortain-mavrikios,0.00023820867079561695
steve seaton,0.00023820867079561695
ken watts,0.00023820867079561695
donald pye/holman & pye,0.00023820867079561695
judel / vrolijk,0.00023820867079561695
oscar schelin,0.00023820867079561695
nils-eric olofsson,0.00023820867079561695
bengt karlsson,0.00023820867079561695
rod macalpine-downie / dick gibbs,0.00023820867079561695
e. selman graves,0.00023820867079561695
p. cole & assoc,0.00023820867079561695
peter stevenson,0.00023820867079561695
norman blanchard sr./ben seaborn,0.00023820867079561695
bryce fuhriman,0.00023820867079561695
derek angus,0.00023820867079561695
thomas hale & son,0.00023820867079561695
"morrelli, melvin & hobie design team",0.00023820867079561695
c. w. lapworth,0.00023820867079561695
h. amel & j. carteau,0.00023820867079561695
eva hollmann,0.00023820867079561695
fred parker,0.00023820867079561695
rolf eliason,0.00023820867079561695
mark mills,0.00023820867079561695
philippe briand yacht design,0.00023820867079561695
c.w. paine yacht design inc,0.00023820867079561695
ken fickett,0.00023820867079561695
ocke mannerfelt,0.00023820867079561695
john leather,0.00023820867079561695
oscar mayr design,0.00023820867079561695
andrea vallicelli,0.00023820867079561695
tom lack,0.00023820867079561695
maurice declercq,0.00023820867079561695
r. crawford/trad,0.00023820867079561695
j. paris/gary hoyt,0.00023820867079561695
berret racoupeau /nauta design,0.00023820867079561695
tony taylor,0.00023820867079561695
joubert-nivelt/olivier flahault,0.00023820867079561695
yamaha/norlin,0.00023820867079561695
arhur c. howard,0.00023820867079561695
simonis voogd design,0.00023820867079561695
groupe finot/d. peterson,0.00023820867079561695
elvström/kjærulff,0.00023820867079561695
charles morgan/jack corey,0.00023820867079561695
john g. alden & associates,0.00023820867079561695
hutchins group,0.00023820867079561695
idbmarine (fra),0.00023820867079561695
peter schmidt,0.00023820867079561695
don wennersten,0.00023820867079561695
"linton hope,",0.00023820867079561695
ivar åkesson,0.00023820867079561695
elliott,0.00023820867079561695
"fred scott, jack evans",0.00023820867079561695
j. valentijn,0.00023820867079561695
irwin/rogers,0.00023820867079561695
corsair design team,0.00023820867079561695
rolf eliasson,0.00023820867079561695
roger hewson,0.00023820867079561695
marc lombard/piaton design,0.00023820867079561695
kenneth evans,0.00023820867079561695
wirth monroe,0.00023820867079561695
john e. cherubini,0.00023820867079561695
john gross,0.00023820867079561695
j. faroux,0.00023820867079561695
colin archer/william atkin,0.00023820867079561695
von ahlen yacht design/stile bertone,0.00023820867079561695
james croll,0.00023820867079561695
henri amel,0.00023820867079561695
neil parmentier/sieg brunnenkant,0.00023820867079561695
arnold/breck marshall,0.00023820867079561695
douglas peterson/daryl watson,0.00023820867079561695
berret - racoupeau,0.00023820867079561695
j. segger,0.00023820867079561695
walter scott/watkins,0.00023820867079561695
m.mills,0.00023820867079561695
marc lombard/chedal anglay,0.00023820867079561695
j. j. hurbulot,0.00023820867079561695
gary mull/don martin,0.00023820867079561695
sture sunden,0.00023820867079561695
charles angle,0.00023820867079561695
stéphan vallet,0.00023820867079561695
franz maas,0.00023820867079561695
glen trustwell/dan holman,0.00023820867079561695
charles street,0.00023820867079561695
luger industries,0.00023820867079561695
john alden & assoc,0.00023820867079561695
alden assoc,0.00023820867079561695
frank hamlin/peter schmitt,0.00023820867079561695
joel white,0.00023820867079561695
dennis rayner,0.00023820867079561695
b.kirby/clark,0.00023820867079561695
janne jacobsson,0.00023820867079561695
aage utzon/klaus baess,0.00023820867079561695
u. van essen / charles teeter,0.00023820867079561695
j.o. johnson,0.00023820867079561695
ted e. graves,0.00023820867079561695
michel bigoin,0.00023820867079561695
gunter hoechmer,0.00023820867079561695
w. r. loughlin,0.00023820867079561695
charles nicholson,0.00023820867079561695
c. gilbert,0.00023820867079561695
yvonne faulconnier,0.00023820867079561695
eugène cornu,0.00023820867079561695
donovan,0.00023820867079561695
delio barberis/lanfranco soma,0.00023820867079561695
e. a. brown,0.00023820867079561695
larl linblöm,0.00023820867079561695
vince lazarra,0.00023820867079561695
alexander bryan/cortland heyniger/carl meinart,0.00023820867079561695
alan  hill,0.00023820867079561695
stan hundtingford,0.00023820867079561695
bolger,0.00023820867079561695
norman newell,0.00023820867079561695
bernt lindquist/peter ståhle,0.00023820867079561695
marcelo penna,0.00023820867079561695
m. kaufman/m. perkins,0.00023820867079561695
wyatt & freeman,0.00023820867079561695
phillippe harle,0.00023820867079561695
rolf jacobssen,0.00023820867079561695
géaed danson,0.00023820867079561695
tim kings,0.00023820867079561695
ray wall,0.00023820867079561695
william shaw/w. g. richards,0.00023820867079561695
ingemar boding,0.00023820867079561695
julian bethwaite & chris mitchell,0.00023820867079561695
john bennet,0.00023820867079561695
reuel parker,0.00023820867079561695
tom lack/j. winterbotom,0.00023820867079561695
barney lehman/w.d. schock,0.00023820867079561695
peter ibold/vicente belliure,0.00023820867079561695
philip harle,0.00023820867079561695
karl strahlmann,0.00023820867079561695
william atkin/ed monk,0.00023820867079561695
alpa,0.00023820867079561695
michel joubert/patrick roseo,0.00023820867079561695
thomas mielec and x-yachts design team,0.00023820867079561695
u. van essen/dick zaal,0.00023820867079561695
du toit yacht design,0.00023820867079561695
stuart windley/harry sindle,0.00023820867079561695
ted tyler,0.00023820867079561695
john g. alden/sam crocker,0.00023820867079561695
e. maxwell smith/john mckellar,0.00023820867079561695
robert ladd,0.00023820867079561695
peter pfab,0.00023820867079561695
jaques gaubert,0.00023820867079561695
james s. krogen,0.00023820867079561695
bill o'brien,0.00023820867079561695
alf ortang,0.00023820867079561695
bjarne aas,0.00023820867079561695
henry morschladt and bob poole,0.00023820867079561695
jan h. linge,0.00023820867079561695
richard loutek,0.00023820867079561695
farr yacht design/armel briand,0.00023820867079561695
graham tilley/marine reasearch pty,0.00023820867079561695
ian haney,0.00023820867079561695
michel nivelt/lucien gourmez,0.00023820867079561695
maury/sergent,0.00023820867079561695
philip rhodes/william garden,0.00023820867079561695
floyd ayers,0.00023820867079561695
jan becker,0.00023820867079561695
rodney warington smyth,0.00023820867079561695
m. bigoin,0.00023820867079561695
edwin monk associates/ eric white,0.00023820867079561695
david boyd,0.00023820867079561695
laurent giles/chris hawkins,0.00023820867079561695
fred scott,0.00023820867079561695
bruce roberts,0.00023820867079561695
henderson/hunter design team,0.00023820867079561695
dr. walter radcliffe,0.00023820867079561695
john vincent kelley/stan herbert,0.00023820867079561695
helsen,0.00023820867079561695
mark ellis design/hinterhoeller,0.00023820867079561695
dick wyche,0.00023820867079561695
jac iversen & tor sunden/scandinavian yacht racing,0.00023820867079561695
judel/vrolijk and eric segerlind,0.00023820867079561695
magnus öster/bo jonsson,0.00023820867079561695
geoff prindle,0.00023820867079561695
halsey c. herreshoff,0.00023820867079561695
f. s. ford jr,0.00023820867079561695
etienne bertrand,0.00023820867079561695
david binks,0.00023820867079561695
roberts/haberman,0.00023820867079561695
gary mull/bayliner,0.00023820867079561695
frank butler/ bob finch,0.00023820867079561695
german frers/a. winch,0.00023820867079561695
johann anker,0.00023820867079561695
erling viksund,0.00023820867079561695
fred r. parker,0.00023820867079561695
hutchins,0.00023820867079561695
yamaha/ichiro yokoyama,0.00023820867079561695
henri amel/j. carteau,0.00023820867079561695
gordon v. harris,0.00023820867079561695
j.m. finot,0.00023820867079561695
aage utzon,0.00023820867079561695
john duncanson/david rose,0.00023820867079561695
willliam gardner,0.00023820867079561695
rodger martin and steve koopman,0.00023820867079561695
marc laurent,0.00023820867079561695
alain mortain & yannis mavrikios,0.00023820867079561695
h. melges jr./h. melges sr,0.00023820867079561695
leslie h. james,0.00023820867079561695
erford w. burt,0.00023820867079561695
sandy douglas,0.00023820867079561695
alex stuart,0.00023820867079561695
brian amato,0.00023820867079561695
morgan yachts,0.00023820867079561695
jerry cartwright,0.00023820867079561695
"morelli & melvin / vink, larsen, young",0.00023820867079561695
joseph m. dyer,0.00023820867079561695
mike brennan,0.00023820867079561695
norlin/ostmann,0.00023820867079561695
bergström & ridder,0.00023820867079561695
henry morschadt,0.00023820867079561695
j. winterbotham/t.m. lack,0.00023820867079561695
p. e. ferguson,0.00023820867079561695
georges auzepy-brenneur,0.00023820867079561695
frank parish,0.00023820867079561695
dave pedrick,0.00023820867079561695
vincent serio,0.00023820867079561695
doug peterson (unauthorized)/daryl watson,0.00023820867079561695
david & martin sadler,0.00023820867079561695
"george olson, ron moore",0.00023820867079561695
vplp,0.00023820867079561695
walter schulz & assoc,0.00023820867079561695
richard lefeber,0.00023820867079561695
nelson marek/gerry douglas,0.00023820867079561695
dick gibbs/j.r. macalpine-downie,0.00023820867079561695
yanni triatafilopolous,0.00023820867079561695
m.o. von ahlen,0.00023820867079561695
marc lombard/roseo design,0.00023820867079561695
morelli & melvin (usa),0.00023820867079561695
alan hill/d. pollard,0.00023820867079561695
bill lee/bob smith,0.00023820867079561695
henry rasmussen,0.00023820867079561695
mark giles,0.00023820867079561695
jan larsen/abbott,0.00023820867079561695
howard stern,0.00023820867079561695
david m. cannell,0.00023820867079561695
arthur pelzer,0.00023820867079561695
gustavo rodriguez,0.00023820867079561695
bill soverel/mark soverel,0.00023820867079561695
olivier petit/jeanneau,0.00023820867079561695
donald pye (holman & pye),0.00023820867079561695
hervé nollet and clément salzes,0.00023820867079561695
roberto barros,0.00023820867079561695
sandy douglass,0.00023820867079561695
ribadeau dumas,0.00023820867079561695
w.h. scott/t.r. allmand,0.00023820867079561695
camper & nicholson/r. wall,0.00023820867079561695
berret racoupeau design,0.00023820867079561695
bill lapworth,0.00023820867079561695
gilles costantini,0.00023820867079561695
"cyrus hamlin, farham butler",0.00023820867079561695
charles davies/robert perry,0.00023820867079561695
holman  & pye,0.00023820867079561695
lucien gourmez,0.00023820867079561695
daniele buizza,0.00023820867079561695
william garden/w.hardin,0.00023820867079561695
ron holder/dave ulmann,0.00023820867079561695
"william tripp jr,",0.00023820867079561695
hunter design team/r. mazza,0.00023820867079561695
hans starreveld,0.00023820867079561695
alain mortain / yiannis mavrikios,0.00023820867079561695
frederick geiger,0.00023820867079561695
schöchl,0.00023820867079561695
harden/huntingford,0.00023820867079561695
e.g. van der stadt,0.00023820867079561695
farr design,0.00023820867079561695
frank meldau,0.00023820867079561695
charles s. gurney,0.00023820867079561695
edwin monk sr,0.00023820867079561695
george stadel iii,0.00023820867079561695
anton du toit,0.00023820867079561695
homann & pyle,0.00023820867079561695
c. lowndes johnson,0.00023820867079561695
kevin shepherd,0.00023820867079561695
michel pocock,0.00023820867079561695
sebschmidt architecte naval sàrl,0.00023820867079561695
yamaha,0.00023820867079561695
t. m. hale & assoc,0.00023820867079561695
bob finch,0.00023820867079561695
åke sandström,0.00023820867079561695
luger,0.00023820867079561695
jack a. helms,0.00023820867079561695
reg white/yves loday,0.00023820867079561695
graal,0.00023820867079561695
mauric / gaubert,0.00023820867079561695
chris hawkins,0.00023820867079561695
janusz konkol,0.00023820867079561695
richard ketcham,0.00023820867079561695
tripp/watkins,0.00023820867079561695
reg freeman,0.00023820867079561695
philippe h. harlé,0.00023820867079561695
clair oberly/william garden,0.00023820867079561695
william fife iii,0.00023820867079561695
p. briand/franck darnet/flahault design,0.00023820867079561695
ray kaufmann,0.00023820867079561695
ole jensen,0.00023820867079561695
dieter blank,0.00023820867079561695
rob mazza/hunter design team,0.00023820867079561695
lehman/w. d. schock,0.00023820867079561695
"linjett design team, inc.; oscar södergren",0.00023820867079561695
lutra design,0.00023820867079561695
seawind catamarans,0.00023820867079561695
d.peterson,0.00023820867079561695
alberto cabal,0.00023820867079561695
ben lexcen,0.00023820867079561695
rob carpenter,0.00023820867079561695
warwick hood,0.00023820867079561695
jan gougeon,0.00023820867079561695
emre karamanci,0.00023820867079561695
leszec gomciarz,0.00023820867079561695
herreshoff/cheoy lee shipyard,0.00023820867079561695
d. peterson (unauthorized),0.00023820867079561695
l. e ted geary,0.00023820867079561695
j & j designs,0.00023820867079561695
jorma nyman/karl-johan stråhlmann,0.00023820867079561695
heribert streuer & horst schlichting,0.00023820867079561695
robert ames/steve clark,0.00023820867079561695
lapworth,0.00023820867079561695
rudolf jonker,0.00023820867079561695
bill dixon/angus primrose,0.00023820867079561695
henry adriaanse,0.00023820867079561695
sierp de vries,0.00011910433539780847
eliot spalding,0.00011910433539780847
open,0.00011910433539780847
c. s. chen,0.00011910433539780847
kenneth collyer/morgan-giles,0.00011910433539780847
alex bryan/cortland heyniger,0.00011910433539780847
robin chadworth-musters/alan gurney,0.00011910433539780847
luca taddei,0.00011910433539780847
jeff canepa/jim antrim,0.00011910433539780847
neil fowler & roy martin,0.00011910433539780847
jan & harry becker,0.00011910433539780847
j. j. herbulot,0.00011910433539780847
ron holland & rolf gyhlenius,0.00011910433539780847
lars oudrup,0.00011910433539780847
george l. chaisson,0.00011910433539780847
peter norlin/bernt lindquist,0.00011910433539780847
e. w. etchells,0.00011910433539780847
helmut stauch,0.00011910433539780847
jack savage,0.00011910433539780847
john c.  alden,0.00011910433539780847
dieter hä&#776;nsel,0.00011910433539780847
helsen/watkins,0.00011910433539780847
john bennet & assoc,0.00011910433539780847
west wight sailing club (uk),0.00011910433539780847
jp villenave,0.00011910433539780847
b&b yacht designs,0.00011910433539780847
alden yachts,0.00011910433539780847
aage nielsen/s&s,0.00011910433539780847
andreas wozniak,0.00011910433539780847
"fontana, maletto & navone",0.00011910433539780847
lars hedberg,0.00011910433539780847
s&s/d. le compte,0.00011910433539780847
chuck burns/hunter design team,0.00011910433539780847
gary mull/jim donovan,0.00011910433539780847
brewer/fuhriman,0.00011910433539780847
john brooke,0.00011910433539780847
lostuzzi yacht design,0.00011910433539780847
j. g. pollard,0.00011910433539780847
jack hold;,0.00011910433539780847
huntingford/hardin/cooper,0.00011910433539780847
seth persson,0.00011910433539780847
alan platt,0.00011910433539780847
morrelli & melvin/labek/ridley/sanderson,0.00011910433539780847
bill lee/bruce king,0.00011910433539780847
richard c. lazarra,0.00011910433539780847
greg young (nz),0.00011910433539780847
niels jeppessen,0.00011910433539780847
george w. patterson,0.00011910433539780847
philippe briand/jean-marc platon,0.00011910433539780847
bob ames / steve clark,0.00011910433539780847
tom thornycroft,0.00011910433539780847
arthur peltzer,0.00011910433539780847
ralston,0.00011910433539780847
merle/joubert,0.00011910433539780847
columbia/mcglasson,0.00011910433539780847
allen blackburne,0.00011910433539780847
james turner,0.00011910433539780847
henrik segercrantz,0.00011910433539780847
c. oberly/w. garden,0.00011910433539780847
prindle,0.00011910433539780847
torsten gustavsson,0.00011910433539780847
aborn smith jr,0.00011910433539780847
simonis voogt,0.00011910433539780847
uwe mares and hubert raudaschl,0.00011910433539780847
alois roland,0.00011910433539780847
linton hope,0.00011910433539780847
kaufman & assoc,0.00011910433539780847
berret-racoupeau/darnet,0.00011910433539780847
marc-oliver v.ahlen,0.00011910433539780847
lostuzzi,0.00011910433539780847
"c. raymond hunt, waldo howland",0.00011910433539780847
v. s. lazzara,0.00011910433539780847
sigurd fr. herbern,0.00011910433539780847
lars olsen,0.00011910433539780847
judel / vrolijk & co./sdk structures,0.00011910433539780847
alberg/karl-heinrich lehmann/klaus felz/uli labor,0.00011910433539780847
s. s. crocker 1931,0.00011910433539780847
nils-eric olafsson,0.00011910433539780847
r. holland,0.00011910433539780847
nelson,0.00011910433539780847
tim jackett w/bob johnson,0.00011910433539780847
jean-marie finot / jacques fauroux,0.00011910433539780847
tony dixon,0.00011910433539780847
alan eckford,0.00011910433539780847
beneteau,0.00011910433539780847
harken/vanguard,0.00011910433539780847
c.s.j. roy,0.00011910433539780847
ernest h. hartge,0.00011910433539780847
george owens/robert harris,0.00011910433539780847
mark ellis/rob maza,0.00011910433539780847
rajan naidu,0.00011910433539780847
gordon r. wyatt,0.00011910433539780847
p. harlé,0.00011910433539780847
richard l. reid,0.00011910433539780847
robert f. matteson,0.00011910433539780847
soverel/walters,0.00011910433539780847
martin fischer,0.00011910433539780847
g. a. feltham,0.00011910433539780847
jochum bierma,0.00011910433539780847
peter wormwood,0.00011910433539780847
c. r. hunt  assoc,0.00011910433539780847
fairways marine (uk),0.00011910433539780847
john a bennett,0.00011910433539780847
d. martin,0.00011910433539780847
cees van tongeren/van de stadt design,0.00011910433539780847
raymond h. richards,0.00011910433539780847
g. henderson,0.00011910433539780847
ed edgar/frank butler,0.00011910433539780847
iannis triantafilopoulos,0.00011910433539780847
m. lombard / v. garroni,0.00011910433539780847
mark bremer,0.00011910433539780847
harold brainard,0.00011910433539780847
alan p. gurney,0.00011910433539780847
ted hood / dieter empacher,0.00011910433539780847
william fife jr,0.00011910433539780847
phil morrison/rs sailing,0.00011910433539780847
charles a. nicholson / peter nicholson,0.00011910433539780847
alan platt / laurie harbotell,0.00011910433539780847
bud taplin,0.00011910433539780847
jorma nyman/strahlman,0.00011910433539780847
norman howard,0.00011910433539780847
hobie cat europe,0.00011910433539780847
simon davidson and robert underwood,0.00011910433539780847
krogen brothers,0.00011910433539780847
siddons & sindle,0.00011910433539780847
jim kyle/rolf van der sleen,0.00011910433539780847
jan larsen,0.00011910433539780847
mortain/mavrikios and cba design offices,0.00011910433539780847
michele molino,0.00011910433539780847
barreau & neuman,0.00011910433539780847
perspective yacht design,0.00011910433539780847
paine,0.00011910433539780847
olivier poncin/j&j design/dufour,0.00011910433539780847
von ahlen yacht design / stile bertone (interior),0.00011910433539780847
george duke,0.00011910433539780847
denis rayner,0.00011910433539780847
finot / harle,0.00011910433539780847
rod macalipe-downie,0.00011910433539780847
d. koopmans jr,0.00011910433539780847
stan evanson/johann wester,0.00011910433539780847
d.cattadori,0.00011910433539780847
hubert van de stadt,0.00011910433539780847
winterbotom/lack/duff,0.00011910433539780847
j. howard perrine,0.00011910433539780847
randy reynolds,0.00011910433539780847
h. lemstra (nl),0.00011910433539780847
john lucke,0.00011910433539780847
j. everitt,0.00011910433539780847
eric white & alan hill,0.00011910433539780847
jean pierre magnum,0.00011910433539780847
steve clark/dave clark,0.00011910433539780847
d. presles,0.00011910433539780847
ron hillier/d. peterson (unauthorized),0.00011910433539780847
brett bakewell-white,0.00011910433539780847
louis vallé,0.00011910433539780847
peer bruun,0.00011910433539780847
cyrus hamlin,0.00011910433539780847
jo richards/rs sailing,0.00011910433539780847
ker design,0.00011910433539780847
nestor völker,0.00011910433539780847
phillip berman/anton du toit,0.00011910433539780847
w. luhrs /j. cherubini/c. steck,0.00011910433539780847
"g, h. stadel & son/schultz & assoc",0.00011910433539780847
bjorn jensen,0.00011910433539780847
tom mcneill/tim jackett,0.00011910433539780847
hatfield & palmer,0.00011910433539780847
daniel andrieu / guillaume verdier,0.00011910433539780847
guido politi,0.00011910433539780847
jens quorning,0.00011910433539780847
ted hood / d. empacher,0.00011910433539780847
martyn smith,0.00011910433539780847
r. freeman,0.00011910433539780847
maurizio cossutti yacht design,0.00011910433539780847
lock crowther / christophe barreau,0.00011910433539780847
h. g. may,0.00011910433539780847
bill symons,0.00011910433539780847
"a. e. luders, jr",0.00011910433539780847
gordon saunders & dick medve,0.00011910433539780847
halsey hereshoff,0.00011910433539780847
norman blanchard sr,0.00011910433539780847
charles a. nicholson,0.00011910433539780847
monk/perry,0.00011910433539780847
trevor kirby,0.00011910433539780847
joachim harpprecht,0.00011910433539780847
dick slates,0.00011910433539780847
gary hoyt/h. herreshoff,0.00011910433539780847
ian proctor /abbott,0.00011910433539780847
henri adriaanse,0.00011910433539780847
bill spencer,0.00011910433539780847
ib pors nielsen,0.00011910433539780847
walter schutz,0.00011910433539780847
chris benedict,0.00011910433539780847
john v. kelley,0.00011910433539780847
bruce kelly,0.00011910433539780847
t. l. foul & c. wittholz,0.00011910433539780847
van de stadt/group finot,0.00011910433539780847
ron johnson,0.00011910433539780847
richard c. hill,0.00011910433539780847
clive everest and nick peters,0.00011910433539780847
ford,0.00011910433539780847
finch  & butler,0.00011910433539780847
massimo paperini,0.00011910433539780847
skyron srl,0.00011910433539780847
john cherubini/bob seidelmann,0.00011910433539780847
ulf røgeberg,0.00011910433539780847
bruce farr/j&j design,0.00011910433539780847
g. prout & sons,0.00011910433539780847
charles currey,0.00011910433539780847
j. s. helyer,0.00011910433539780847
illingworth & associates,0.00011910433539780847
w. tripp/a. lecomte,0.00011910433539780847
ken broyles,0.00011910433539780847
broadblue catamarans,0.00011910433539780847
howard siddons/uffa fox,0.00011910433539780847
h. hinckley iii/owens,0.00011910433539780847
h.c. smith,0.00011910433539780847
oliver f. seabrook/henry sheel,0.00011910433539780847
ernesto quaranta,0.00011910433539780847
durbeck,0.00011910433539780847
o. enderlien,0.00011910433539780847
tom roland,0.00011910433539780847
a. e. luders/robert henry jr,0.00011910433539780847
macalpine-downie,0.00011910433539780847
finch/butler/milne,0.00011910433539780847
john hanna/w.i.b. crealock,0.00011910433539780847
a vallicelli,0.00011910433539780847
cherubini,0.00011910433539780847
colin mudie/van de stadt,0.00011910433539780847
ralph kuppersmith/c. mills,0.00011910433539780847
perry/huntingford,0.00011910433539780847
william h. tripp,0.00011910433539780847
j. winterbotom/tom & mary lack,0.00011910433539780847
gordon k. douglass,0.00011910433539780847
rob humphries,0.00011910433539780847
w. b. stearns,0.00011910433539780847
ken rusinek,0.00011910433539780847
pyle/moorman/sindle,0.00011910433539780847
david feltham/thames marine,0.00011910433539780847
jac. m. iversen/gusta erikson,0.00011910433539780847
yves marechal,0.00011910433539780847
goran marström/kare ljung,0.00011910433539780847
taylor newell,0.00011910433539780847
merle hallett,0.00011910433539780847
john h. illingworth,0.00011910433539780847
walter scott & robert johnson,0.00011910433539780847
miglitsch/schoechl,0.00011910433539780847
gaastmeer/terpstra design,0.00011910433539780847
simonis voogd yacht design,0.00011910433539780847
william atkin/william crealock,0.00011910433539780847
alexander simonis,0.00011910433539780847
bowes & mower,0.00011910433539780847
daniel mccarthy/waltman walters,0.00011910433539780847
arne wiklund,0.00011910433539780847
yann chabaud / olivier poncin,0.00011910433539780847
clive jeffries,0.00011910433539780847
jacek wasowski,0.00011910433539780847
james wharram,0.00011910433539780847
knud e. hansen & jan kjærulff,0.00011910433539780847
uus van essen/conrad gulcher,0.00011910433539780847
oy fiskars,0.00011910433539780847
günter thomat,0.00011910433539780847
d. carter/rob humphreys/northshore design team,0.00011910433539780847
h. herreshoff,0.00011910433539780847
paul elvstrom,0.00011910433539780847
nathaniel herreshoff/sidney herreshoff,0.00011910433539780847
rob shaw,0.00011910433539780847
daniel webb,0.00011910433539780847
robert clark/austin farrer,0.00011910433539780847
joubert,0.00011910433539780847
eldredge mcginnis,0.00011910433539780847
p. harle/a. mortain,0.00011910433539780847
maurice  griffiths,0.00011910433539780847
sparkman $ stephens,0.00011910433539780847
samual manuard,0.00011910433539780847
d. peterson,0.00011910433539780847
clair oberly,0.00011910433539780847
w.gardner/f.sweisguth,0.00011910433539780847
rhodes/dyer,0.00011910433539780847
nils lucander,0.00011910433539780847
john holmes,0.00011910433539780847
mccullough/violette,0.00011910433539780847
l. francis herreshoff/eldredge-mcginnis,0.00011910433539780847
g. william mcvay sr,0.00011910433539780847
lage eklund,0.00011910433539780847
yves loday and reg white,0.00011910433539780847
"martin fischer, greg goodall",0.00011910433539780847
deiter empacher,0.00011910433539780847
doug peterson/peter sijm,0.00011910433539780847
melges,0.00011910433539780847
pas & razinger,0.00011910433539780847
costantini,0.00011910433539780847
arthur edmonds/don wennersten,0.00011910433539780847
peter norlin/jens östmann,0.00011910433539780847
hary becker,0.00011910433539780847
a.jèzèquel,0.00011910433539780847
hakan södergren,0.00011910433539780847
john mazzotti,0.00011910433539780847
per qvist,0.00011910433539780847
alan adler,0.00011910433539780847
cmdr. denys a. rayner,0.00011910433539780847
ian proctor / graham dodd / george blanchard,0.00011910433539780847
jacques deperon,0.00011910433539780847
rodgers,0.00011910433539780847
"murray, burns & dovell",0.00011910433539780847
"bill soverel, walt walters",0.00011910433539780847
simonis voogd designs,0.00011910433539780847
j. berret/vandestadt & mcgruer,0.00011910433539780847
a.k. carter,0.00011910433539780847
endeavour/creekmore,0.00011910433539780847
barreau/neuman,0.00011910433539780847
reichel pugh yacht design,0.00011910433539780847
paul elvström,0.00011910433539780847
flamme yacht design,0.00011910433539780847
vaton & cadro,0.00011910433539780847
feltham/thames marine,0.00011910433539780847
kurt a. h. oehlmann,0.00011910433539780847
john rock,0.00011910433539780847
garden/perry,0.00011910433539780847
dieter gade,0.00011910433539780847
"william tripp, jr",0.00011910433539780847
valicelli,0.00011910433539780847
roberto barras,0.00011910433539780847
j&j,0.00011910433539780847
jac. de ridder/dick koopmans sr,0.00011910433539780847
simon grieg,0.00011910433539780847
marius corbin,0.00011910433539780847
owen woolley,0.00011910433539780847
hugh rossiter,0.00011910433539780847
henry martinak/ime yachting (fra),0.00011910433539780847
jeanneau design,0.00011910433539780847
ole enderlain,0.00011910433539780847
a. sidney dewolf herreshoff,0.00011910433539780847
olsöner,0.00011910433539780847
bruce roberts/grahame shannon,0.00011910433539780847
stefan quiberg,0.00011910433539780847
mike west,0.00011910433539780847
r. van der staad,0.00011910433539780847
sciomachen,0.00011910433539780847
chris boyd,0.00011910433539780847
walter scott/bob johnson,0.00011910433539780847
bob salthouse,0.00011910433539780847
crowninshield/r. n. burbank,0.00011910433539780847
dubois,0.00011910433539780847
yves loday/reg white,0.00011910433539780847
christophestophe barreau,0.00011910433539780847
lehman,0.00011910433539780847
farrier,0.00011910433539780847
paul cronin,0.00011910433539780847
malta-muller,0.00011910433539780847
simon cory,0.00011910433539780847
ernest nunes,0.00011910433539780847
kenneth collyer,0.00011910433539780847
pierre meunier,0.00011910433539780847
john g. alden assoc,0.00011910433539780847
"elvstrøm, kjærulff, rögeberg",0.00011910433539780847
howard siddons,0.00011910433539780847
dick zaal / doug peterson,0.00011910433539780847
duncan stuart,0.00011910433539780847
tom cox,0.00011910433539780847
c. raymond hunt assoc./john deknatel,0.00011910433539780847
s. bradfield/t. haman/m.mcgarry,0.00011910433539780847
lock crowther /c. barreau,0.00011910433539780847
"frederick w. goeller, jr",0.00011910433539780847
john g. hanna,0.00011910433539780847
jacques fauroux/jean-marie finot,0.00011910433539780847
david cannell,0.00011910433539780847
knud reimers /peter norlin,0.00011910433539780847
rex fettell,0.00011910433539780847
mcglasson,0.00011910433539780847
knud h reimers,0.00011910433539780847
epaminonda ceccarelli,0.00011910433539780847
george larsen,0.00011910433539780847
pierre rolland/pierre delion,0.00011910433539780847
steven a. george,0.00011910433539780847
philipe pouvreau,0.00011910433539780847
edson i. schock,0.00011910433539780847
andrzej arminski,0.00011910433539780847
flahault/nivelt,0.00011910433539780847
klaus grohnert,0.00011910433539780847
chris bjerregaard,0.00011910433539780847
eldredge & mcinnis,0.00011910433539780847
dr. jüs segger,0.00011910433539780847
john b sharp,0.00011910433539780847
nigel irens,0.00011910433539780847
john corby,0.00011910433539780847
john bennet & associates,0.00011910433539780847
johnstone,0.00011910433539780847
john swarbrick,0.00011910433539780847
john corby / david harte,0.00011910433539780847
bill sauerbrey,0.00011910433539780847
lars-olof norlin,0.00011910433539780847
m. joubert/ b. nivelt,0.00011910433539780847
dieter hänsel,0.00011910433539780847
w. & r.b. fife,0.00011910433539780847
joubert / nivelt,0.00011910433539780847
leo bruckner,0.00011910433539780847
francis & roland prout,0.00011910433539780847
john winslow,0.00011910433539780847
j&j design/etap yachting,0.00011910433539780847
angelo lavranos/gideon goudsmit,0.00011910433539780847
ken upham/mike price,0.00011910433539780847
haydn gozzard,0.00011910433539780847
torild larsson,0.00011910433539780847
andre cornu,0.00011910433539780847
f. butler / a. garest,0.00011910433539780847
john s. letcher jr,0.00011910433539780847
chris hood/david robison,0.00011910433539780847
luca brenta & co,0.00011910433539780847
studio lostuzzi,0.00011910433539780847
frank spears,0.00011910433539780847
harry becker/leif ängermark,0.00011910433539780847
charles e. morgan,0.00011910433539780847
ed thrall & jack freitag,0.00011910433539780847
strahlmann,0.00011910433539780847
herb stewart/international marine,0.00011910433539780847
greg gregory,0.00011910433539780847
alex simonis/maarten voogd,0.00011910433539780847
daniel mccarthy/w.walters,0.00011910433539780847
b. farr,0.00011910433539780847
eva m. hollman,0.00011910433539780847
michel castillo,0.00011910433539780847
charles purbrook,0.00011910433539780847
jo richards & neil graham,0.00011910433539780847
jacob vierø,0.00011910433539780847
howard chapelle,0.00011910433539780847
hunter marine,0.00011910433539780847
bucknell & holt,0.00011910433539780847
norbert patalas,0.00011910433539780847
carl martens,0.00011910433539780847
tom roland/ross guinea,0.00011910433539780847
g. douglas / catalina,0.00011910433539780847
stanley t. smith,0.00011910433539780847
m. s. redman,0.00011910433539780847
botin & carkeek,0.00011910433539780847
uwe mares & hubert raudaschl,0.00011910433539780847
ray creekmore,0.00011910433539780847
gunnar l. stenbäck,0.00011910433539780847
cockburn/jones,0.00011910433539780847
ted carpentier/frank butler,0.00011910433539780847
h. amel/j. carteau,0.00011910433539780847
roy lunney,0.00011910433539780847
berret racoupeau/nauta,0.00011910433539780847
s. j. herbert/j. v. kelley,0.00011910433539780847
j. pierrejean,0.00011910433539780847
phil bolger/peter duff,0.00011910433539780847
prof. ir. w. draijer,0.00011910433539780847
brewer & wallstrom,0.00011910433539780847
george marzin,0.00011910433539780847
catalina yachts,0.00011910433539780847
phillipe harle,0.00011910433539780847
g. moreau,0.00011910433539780847
kurt w. schröter,0.00011910433539780847
don karmin,0.00011910433539780847
stephens brothers,0.00011910433539780847
wayne vetterlein,0.00011910433539780847
alden & assoc,0.00011910433539780847
john conser/vince bartolone,0.00011910433539780847
richard newick,0.00011910433539780847
jim brown/windrider,0.00011910433539780847
mccune,0.00011910433539780847
john morris/alan burnard/charles currey,0.00011910433539780847
charles morgan/henry scheel,0.00011910433539780847
george stadel,0.00011910433539780847
jason ker,0.00011910433539780847
xavier faÿ; lasta design studio (interior),0.00011910433539780847
walter h. scott,0.00011910433539780847
carl alberg/alden,0.00011910433539780847
michael dufour,0.00011910433539780847
alden associates/nils helleberg,0.00011910433539780847
colin silvester,0.00011910433539780847
kauffman & ladd,0.00011910433539780847
charles angle/axel schmidt,0.00011910433539780847
tim clissold/roger and chris kitchen,0.00011910433539780847
neil coster,0.00011910433539780847
jacobin design,0.00011910433539780847
peter cole & associates,0.00011910433539780847
andrew davidhazy,0.00011910433539780847
jules fleder,0.00011910433539780847
daniel avoures,0.00011910433539780847
henry bateson,0.00011910433539780847
robb ladd,0.00011910433539780847
clive everest,0.00011910433539780847
van peteghem & prevost/nauta design,0.00011910433539780847
bruce marek,0.00011910433539780847
simonis - voogd,0.00011910433539780847
a.s. pendell,0.00011910433539780847
k. schröter travenünde,0.00011910433539780847
s. c. huntingford,0.00011910433539780847
roscoe guinea,0.00011910433539780847
henry longmore,0.00011910433539780847
ta chaio,0.00011910433539780847
borge quorning,0.00011910433539780847
chappelle,0.00011910433539780847
lombard,0.00011910433539780847
elmer millenbach,0.00011910433539780847
william hardin,0.00011910433539780847
berret-racoupeau / franck darnet,0.00011910433539780847
albert sedlmayer,0.00011910433539780847
development class,0.00011910433539780847
w. h tripp jr,0.00011910433539780847
percy blandford,0.00011910433539780847
colin mudie,0.00011910433539780847
judel/ vrolijk,0.00011910433539780847
alvin mason,0.00011910433539780847
manuel nunes & sons,0.00011910433539780847
byan lello,0.00011910433539780847
stephen thomas,0.00011910433539780847
barry moore,0.00011910433539780847
greg goodall/jim boyer,0.00011910433539780847
wilf o'kell,0.00011910433539780847
reichel-pugh,0.00011910433539780847
gary mull / frank butler,0.00011910433539780847
harry highet,0.00011910433539780847
x-yachts design team,0.00011910433539780847
wojciech spinsak,0.00011910433539780847
lehman/schock,0.00011910433539780847
nordship,0.00011910433539780847
d. bruce connolly,0.00011910433539780847
denys rayner,0.00011910433539780847
corsair/farrier,0.00011910433539780847
benjamin hallock,0.00011910433539780847
dennis robbins/creekmore,0.00011910433539780847
hugh angelman,0.00011910433539780847
m. kaufmann,0.00011910433539780847
j.t.lockley,0.00011910433539780847
john r.kaiser sr,0.00011910433539780847
briand/darnet/flahault/jeanneau,0.00011910433539780847
palmer scott  co,0.00011910433539780847
william crealock/edward delong,0.00011910433539780847
mit/george owen,0.00011910433539780847
van peteghem-lauriot prévost,0.00011910433539780847
c. william lapworth/calgan,0.00011910433539780847
laurent giles/pininfarina,0.00011910433539780847
arnold meyer sr,0.00011910433539780847
jack butte,0.00011910433539780847
dave hubbard,0.00011910433539780847
ole jensen/christian madsen,0.00011910433539780847
eldridge/mcinnis,0.00011910433539780847
michael quick,0.00011910433539780847
m. joubert,0.00011910433539780847
c. s. j. roy,0.00011910433539780847
doug zurn,0.00011910433539780847
rex fettel,0.00011910433539780847
richardson,0.00011910433539780847
d. newick/m. raymond,0.00011910433539780847
ker yacht design,0.00011910433539780847
françois perus,0.00011910433539780847
c. schumacher,0.00011910433539780847
gordon fowler/harry feltham,0.00011910433539780847
a. beneteau,0.00011910433539780847
eivind still/hans johansson,0.00011910433539780847
peterson/salthouse,0.00011910433539780847
hugo samuelsson,0.00011910433539780847
o. h. rodgers/scott,0.00011910433539780847
victor. brix,0.00011910433539780847
farr,0.00011910433539780847
steven dileo,0.00011910433539780847
mason,0.00011910433539780847
c. raymond hunt assoc,0.00011910433539780847
tommy stål,0.00011910433539780847
jan gustafsson,0.00011910433539780847
p. milne,0.00011910433539780847
l. h. walker,0.00011910433539780847
fontana maletto navone,0.00011910433539780847
ed monk,0.00011910433539780847
eric lefevre,0.00011910433539780847
pelle peterson,0.00011910433539780847
mark ellis design/gordon fisher,0.00011910433539780847
sergent/herbulot,0.00011910433539780847
sears design team,0.00011910433539780847
e. cornu,0.00011910433539780847
karl & klaus feltz,0.00011910433539780847
pablo mastracchio,0.00011910433539780847
c.t. allen,0.00011910433539780847
robert l. taber,0.00011910433539780847
robert johnson,0.00011910433539780847
h. manley crosby,0.00011910433539780847
alan h. buchanan,0.00011910433539780847
j. m. l'hermenier,0.00011910433539780847
farrier/corsair,0.00011910433539780847
robert smith,0.00011910433539780847
c. raymond hunt assoc.(john deknatel),0.00011910433539780847
reg gardner,0.00011910433539780847
andré gallois,0.00011910433539780847
robert n. stone,0.00011910433539780847
a. r. luke,0.00011910433539780847
freedom yachts,0.00011910433539780847
l. f.  herreshoff,0.00011910433539780847
lothar leichtfuß,0.00011910433539780847
david westphal,0.00011910433539780847
bernt lindquist / peter ståhle / s. jardine,0.00011910433539780847
danilo cattadori,0.00011910433539780847
ed dubois/frans maas,0.00011910433539780847
turun veneveistramo,0.00011910433539780847
jorma nyman,0.00011910433539780847
antonio josé ferrer,0.00011910433539780847
vince lazzara,0.00011910433539780847
reg & rob white,0.00011910433539780847
steven jones,0.00011910433539780847
michal & adam orych,0.00011910433539780847
lyle c. hess/richard arthur,0.00011910433539780847
"wallstrom, watkins & assoc",0.00011910433539780847
c. william lapworth/a. nairne,0.00011910433539780847
skorski/jusis,0.00011910433539780847
turien veneveistramo,0.00011910433539780847
reg gardner/endeavour yachts,0.00011910433539780847
schoechl,0.00011910433539780847
peter ståhle,0.00011910433539780847
john r. brophy,0.00011910433539780847
richard hartley,0.00011910433539780847
roger mcaleer,0.00011910433539780847
fife,0.00011910433539780847
william loughlin,0.00011910433539780847
eric salander,0.00011910433539780847
j & j design / olivier poncin,0.00011910433539780847
jack cory/charles morgan,0.00011910433539780847
carlo bertorello,0.00011910433539780847
bjarn aas,0.00011910433539780847
bram dally,0.00011910433539780847
r. a. g. nierop,0.00011910433539780847
james williams,0.00011910433539780847
c & c design group,0.00011910433539780847
talman bigelow/robert baker,0.00011910433539780847
bernd breymann/klaus enzmann,0.00011910433539780847
bergstrom/ridder,0.00011910433539780847
richards/whitehouse/rs sailing,0.00011910433539780847
clair oberly/w. garden,0.00011910433539780847
f. sergent,0.00011910433539780847
norman dallimore,0.00011910433539780847
d.koopmans sr,0.00011910433539780847
e. dubois,0.00011910433539780847
thomas b. middleton/j. e. doyle,0.00011910433539780847
axel debeaufort/alexis muratet,0.00011910433539780847
kaufman & ladd,0.00011910433539780847
ted irwin / dennis robbins,0.00011910433539780847
michael henderson,0.00011910433539780847
william b. harris,0.00011910433539780847
thorkild lind,0.00011910433539780847
stanley t. smith/h. stewart,0.00011910433539780847
alberg/south coast,0.00011910433539780847
ian bruce,0.00011910433539780847
shad turner/william downing,0.00011910433539780847
breck marshall,0.00011910433539780847
hugh angelman/charles davies,0.00011910433539780847
skip johnson,0.00011910433539780847
dick zaal / georg nissen,0.00011910433539780847
keith callaghan,0.00011910433539780847
glen & murray corcoran,0.00011910433539780847
olle blomqvist,0.00011910433539780847
peter hoyt/d. peterson,0.00011910433539780847
bela molnar,0.00011910433539780847
g. pfeiffer,0.00011910433539780847
john g. alden/cifford swaine,0.00011910433539780847
wilbur ketcham,0.00011910433539780847
bill hephurn,0.00011910433539780847
winthrop l. warner,0.00011910433539780847
loc goepfert,0.00011910433539780847
jean pierre brouns,0.00011910433539780847
norman g. owens,0.00011910433539780847
james h. kyle,0.00011910433539780847
bob seidelmann/bruce kirby/w. ross,0.00011910433539780847
g o’brien kennedy,0.00011910433539780847
william tripp sr,0.00011910433539780847
phillipe harlé,0.00011910433539780847
culler/hunt/howland,0.00011910433539780847
michael price,0.00011910433539780847
o.poncin/berret,0.00011910433539780847
mcinnis,0.00011910433539780847
stanley t. smith/herb. stewart,0.00011910433539780847
n. g. herreshoff,0.00011910433539780847
newell,0.00011910433539780847
j&j design / gerald kiska,0.00011910433539780847
william crealock/charles f. street,0.00011910433539780847
hollman & pyle,0.00011910433539780847
archie arroll,0.00011910433539780847
menger/sweisguth,0.00011910433539780847
harlé - mortain,0.00011910433539780847
john a bennett & assoc,0.00011910433539780847
kjærulff/elvström,0.00011910433539780847
p. harle / a. mortain,0.00011910433539780847
holman  & pyle,0.00011910433539780847
c. john thorpe,0.00011910433539780847
jerry and david hubbard,0.00011910433539780847
alex trethewey/noel honey,0.00011910433539780847
g. verdier,0.00011910433539780847
bill shaw,0.00011910433539780847
philippe costard,0.00011910433539780847
andrew simmons,0.00011910433539780847
richard lazzara,0.00011910433539780847
steven schock/reijo salminen,0.00011910433539780847
grahame shannon,0.00011910433539780847
bob ball,0.00011910433539780847
george olson/ron moore,0.00011910433539780847
willy asmus,0.00011910433539780847
rajen naidu,0.00011910433539780847
jørn hansen,0.00011910433539780847
paul wright & brian taylor,0.00011910433539780847
john drawe,0.00011910433539780847
g. plessis & j. marin,0.00011910433539780847
rod mcalpine-downie/dick gibbs,0.00011910433539780847
eivind amble/geir grung,0.00011910433539780847
charles teeter,0.00011910433539780847
adams,0.00011910433539780847
gonzalo redondo,0.00011910433539780847
richard sarby,0.00011910433539780847
g. de vries lentsch jr,0.00011910433539780847
dashew,0.00011910433539780847
c. raymond hunt & assoc,0.00011910433539780847
robert humphries,0.00011910433539780847
george mcvay,0.00011910433539780847
dubois/joubert-nivelt,0.00011910433539780847
c. william lapworth/capital yachts inc,0.00011910433539780847
janusz maderski,0.00011910433539780847
ernest woods,0.00011910433539780847
frank bethwaite/ian bruce,0.00011910433539780847
nelson/merek,0.00011910433539780847
george o'brian kennedy,0.00011910433539780847
alvin youngquist,0.00011910433539780847
john a. bennet,0.00011910433539780847
duncanson,0.00011910433539780847
horst glacer,0.00011910433539780847
carlo sciarrelli,0.00011910433539780847
paul hutton,0.00011910433539780847
hobiecat europe,0.00011910433539780847
reichel/pugh yacht design,0.00011910433539780847
"g, h. stadel & son",0.00011910433539780847
j. laurent-giles,0.00011910433539780847
a. lavranos,0.00011910433539780847
frans cobelens nbja,0.00011910433539780847
mylius yachts,0.00011910433539780847
robert slater,0.00011910433539780847
mcclintock-dubdam,0.00011910433539780847
john welsford,0.00011910433539780847
streuer/schmidt,0.00011910433539780847
shad truner,0.00011910433539780847
tom rolland/nacra design group/roy seaman,0.00011910433539780847
harry dennis,0.00011910433539780847
james hakes,0.00011910433539780847
herbulot,0.00011910433539780847
r. gardner/l. hedges/j. bott,0.00011910433539780847
jay r. benford,0.00011910433539780847
wilson-marquinez (arg),0.00011910433539780847
alerion yachts,0.00011910433539780847
gus linell,0.00011910433539780847
hector ballester,0.00011910433539780847
hendricks bulthuis,0.00011910433539780847
fred goeller,0.00011910433539780847
nelson/marek / catalina,0.00011910433539780847
andre  mauric/gilles vaton,0.00011910433539780847
edson schock,0.00011910433539780847
phil morisson,0.00011910433539780847
r. t. hartley,0.00011910433539780847
arthur javes,0.00011910433539780847
a. vallicelli,0.00011910433539780847
botin & partners,0.00011910433539780847
steven douglas,0.00011910433539780847
jack herrick/vince minter/jeffkins,0.00011910433539780847
nathanael herreshoff,0.00011910433539780847
denis ganley,0.00011910433539780847
melges/johnson,0.00011910433539780847
myron spaulding,0.00011910433539780847
judel/vrolijk - felci,0.00011910433539780847
richard lazzarra/ david jones,0.00011910433539780847
lyle hess/gerry montgomery,0.00011910433539780847
jan bjerke,0.00011910433539780847
heraldo ruesch,0.00011910433539780847
tom roland/nacra design group,0.00011910433539780847
reg white/derek kelsall,0.00011910433539780847
"richard wrighton,",0.00011910433539780847
f. butler,0.00011910433539780847
laurent giles & partners ltd,0.00011910433539780847
ted moreau,0.00011910433539780847
philippe briand /jeanneau,0.00011910433539780847
john letcher,0.00011910433539780847
roger hill/phillip berman,0.00011910433539780847
william atkin/cecil lange,0.00011910433539780847
paul molich,0.00011910433539780847
henri garreta,0.00011910433539780847
james e. graves,0.00011910433539780847
george cockshott,0.00011910433539780847
peter sijm / de vries lentsch,0.00011910433539780847
jim taylor/hewson/sabre,0.00011910433539780847
carkeek design partners,0.00011910433539780847
olivier poncin/alain mortain & yiannis mavrikios,0.00011910433539780847
thomas faul & charles wittholz,0.00011910433539780847
charles davies,0.00011910433539780847
carkeek & botin,0.00011910433539780847
najad,0.00011910433539780847
tony taylore,0.00011910433539780847
corsair marine,0.00011910433539780847
whistance,0.00011910433539780847
jean beret,0.00011910433539780847
hurbulot,0.00011910433539780847
john h. lindblom,0.00011910433539780847
endeavour/cortland steck,0.00011910433539780847
olsoner batbyggen,0.00011910433539780847
jorma nyman/ karl/johan stråhlmann,0.00011910433539780847
j&j design/d. andrieu,0.00011910433539780847
john westell/austin farrar,0.00011910433539780847
maxi dolphin,0.00011910433539780847
castro,0.00011910433539780847
robert perry (unauthorized),0.00011910433539780847
david boyd/rustler,0.00011910433539780847
bossuet/meyney/salmoiraghi,0.00011910433539780847
charles street/alden,0.00011910433539780847
eric bruneel/gildas cornic,0.00011910433539780847
mike arnold/rondar,0.00011910433539780847
sparkman & stephens / butler,0.00011910433539780847
eric white & arthur berry,0.00011910433539780847
schionning design,0.00011910433539780847
j. r. macalpine-downie/dick gibbs,0.00011910433539780847
george w. mcvay,0.00011910433539780847
declercq,0.00011910433539780847
mark balogh/windrider,0.00011910433539780847
robert derecktor,0.00011910433539780847
elvstrom/kjaeralf/buchwald,0.00011910433539780847
tom wylie,0.00011910433539780847
p. jouet & cie,0.00011910433539780847
rhodes/tanton,0.00011910433539780847
"cyrus hamlin, f. butler",0.00011910433539780847
mario cossutti,0.00011910433539780847
richard and jay mcfarlane,0.00011910433539780847
artu chiggiato,0.00011910433539780847
bill dizon,0.00011910433539780847
ted hood/gary hoyt,0.00011910433539780847
watkins,0.00011910433539780847
"edwin monk jr,",0.00011910433539780847
philip rhodes / charles wittholz/dyer,0.00011910433539780847
e. van de stadt,0.00011910433539780847
ian procter,0.00011910433539780847
tanguy le bihan,0.00011910433539780847
talman bigelow/r. baker,0.00011910433539780847
loren hart/tommy chen,0.00011910433539780847
richard hennevanger,0.00011910433539780847
al mason/jeff leishman,0.00011910433539780847
farr/bassani,0.00011910433539780847
jean-yves manac'h,0.00011910433539780847
alexandro vismara,0.00011910433539780847
john spencer/peter tait,0.00011910433539780847
lock crowther/john hitch,0.00011910433539780847
roberto róvere,0.00011910433539780847
marc van peteghem/ michel desjoyeaux,0.00011910433539780847
kirke leonard,0.00011910433539780847
guy tyrwhitt-drake,0.00011910433539780847
bruce binham,0.00011910433539780847
kaiser,0.00011910433539780847
greg ketterman,0.00011910433539780847
ralph e. winslow,0.00011910433539780847
william j. roué,0.00011910433539780847
warren metcalf,0.00011910433539780847
ronald petralito,0.00011910433539780847
drake sparkman/sparkman & stephens,0.00011910433539780847
reimers,0.00011910433539780847
john conser,0.00011910433539780847
bill cook yacht design,0.00011910433539780847
oliver lee /chris butler,0.00011910433539780847
h. w. white,0.00011910433539780847
armin philips,0.00011910433539780847
c. hamlin/butler,0.00011910433539780847
wyatt and freeman/terry compton,0.00011910433539780847
ralph winslow,0.00011910433539780847
george stadell iii,0.00011910433539780847
borge bringsvaerd,0.00011910433539780847
john drawe/dave ellis,0.00011910433539780847
john & laurie converse/j. lange,0.00011910433539780847
aborn smith/kells corp,0.00011910433539780847
i murray,0.00011910433539780847
gaudry,0.00011910433539780847
sam crocker,0.00011910433539780847
mark leonard,0.00011910433539780847
bakewell-white yacht design,0.00011910433539780847
w. aarnipalo,0.00011910433539780847
