,Website
www.calypsosailcraft.com.au,0.00035731300619342544
www.mfboat.com,0.00023820867079561695
c-cyachts.com/redline-41,0.00023820867079561695
https://xquisiteyachts.com,0.00023820867079561695
www.omega42.se,0.00023820867079561695
www.nauticaboats.pl,0.00023820867079561695
mobjack.tripod.com,0.00023820867079561695
hyc.ie/howth-17,0.00023820867079561695
https://www.bluewateryachts.com,0.00023820867079561695
pouvreau.romanee.free.fr,0.00023820867079561695
www.vagoclassassociation.co.uk,0.00023820867079561695
www.pointeryachts.com/en/,0.00023820867079561695
www.cnnt.it,0.00023820867079561695
www.melonseed.com,0.00023820867079561695
www.farr400.com,0.00023820867079561695
www.essenceyachts.nl,0.00023820867079561695
comet375.molo81.net,0.00023820867079561695
www.pointeryachts.com,0.00023820867079561695
www.grumete.com.ar,0.00023820867079561695
htcca.co.uk,0.00023820867079561695
www.facebook.com/thinkseascape,0.00023820867079561695
express34.wordpress.com,0.00023820867079561695
www.este24.it,0.00023820867079561695
www.nacra17class.com,0.00023820867079561695
www.trearddurbaysailingclub.co.uk,0.00023820867079561695
www.mgrs34.info,0.00023820867079561695
https://rosewest.fr/capecod-m/,0.00023820867079561695
www.diva35.com,0.00023820867079561695
falconsailboats.org,0.00023820867079561695
www.ff65.nl,0.00023820867079561695
www.esseboats.ch,0.00023820867079561695
www.novatecnia.com.ar,0.00023820867079561695
mcintosh47.ning.com,0.00023820867079561695
groups.yahoo.com/group/impulse21sailors,0.00023820867079561695
www.gazpromswan60class.com,0.00023820867079561695
www.rj85.se,0.00023820867079561695
www.covesc.org.uk,0.00023820867079561695
transit380.com,0.00023820867079561695
tom28max.files.wordpress.com,0.00023820867079561695
sites.google.com/site/monotypeaile,0.00023820867079561695
www.krammerclub.nl,0.00023820867079561695
www.makseven.com,0.00023820867079561695
www.adams10.yachting.org.au,0.00023820867079561695
https://www.x-cat.com/en/xcat-sail,0.00011910433539780847
cb66.dk,0.00011910433539780847
www.ravage36.com,0.00011910433539780847
h28.org.nz,0.00011910433539780847
www.s606k.se,0.00011910433539780847
www.smallpointyachtclub.com,0.00011910433539780847
bandbyachtdesigns.com,0.00011910433539780847
www.moth-sailing.org,0.00011910433539780847
www.aramisboat.info,0.00011910433539780847
www.rnsyc.net,0.00011910433539780847
reactors.org.nz,0.00011910433539780847
www.open570usa.com,0.00011910433539780847
www.flitsclubsneek.nl,0.00011910433539780847
www.ravenyachts.com,0.00011910433539780847
www.sailabongo.com,0.00011910433539780847
www.shadowsailing.org.uk,0.00011910433539780847
www.boheme10meter.dk,0.00011910433539780847
www.kielzugvogel.de,0.00011910433539780847
www.ryyc.org.uk,0.00011910433539780847
soverel48sailboat.webs.com,0.00011910433539780847
www.waldringfieldsc.com/dragonfly_site/index.html,0.00011910433539780847
https://saroca.com,0.00011910433539780847
visionyachts.com,0.00011910433539780847
mcvayminuet.wordpress.com,0.00011910433539780847
hyc.ie,0.00011910433539780847
www.seaislandyachtclub.net,0.00011910433539780847
www.facebook.com/minnowsailing,0.00011910433539780847
www.sl33.eu,0.00011910433539780847
www.carkeek40.com,0.00011910433539780847
www.splashboats.com,0.00011910433539780847
www.vineyardhaven15.net,0.00011910433539780847
magicsloop.blogspot.com,0.00011910433539780847
www.australianhartleyts16.org.au,0.00011910433539780847
www.wksc.org.uk,0.00011910433539780847
vagabond31.org,0.00011910433539780847
asprominiji.org,0.00011910433539780847
www.erithyachtclub.org,0.00011910433539780847
cwhoodyachts.com,0.00011910433539780847
www.pacer27s.org.za,0.00011910433539780847
www.clipperroundtheworld.com,0.00011910433539780847
https://www.iceniyachts.com,0.00011910433539780847
www.diamant3000.org,0.00011910433539780847
www.sinergia40.com,0.00011910433539780847
www.magnum.org.au,0.00011910433539780847
www.altoboats.com,0.00011910433539780847
www.skatesailingaustralia.org,0.00011910433539780847
www.trifoiler.info,0.00011910433539780847
link-lounge.blogspot.com,0.00011910433539780847
www.alameinegypt.com,0.00011910433539780847
www.bolt37.com,0.00011910433539780847
www.ywdiamond.com.au,0.00011910433539780847
www.fattyknees.com,0.00011910433539780847
members.tripod.com/tuck1design,0.00011910433539780847
saltycolours.com,0.00011910433539780847
www.topcat.de,0.00011910433539780847
www.facebook.com/lanaverre510,0.00011910433539780847
bente24.com,0.00011910433539780847
rs100sailing.wordpress.com,0.00011910433539780847
